IND,count,n,w
1,41,1.26500160532439,3.10502747812195
2,32,1.23044270868125,3.500438021375
3,34,0.716840572420588,3.24852159094412
4,76,1.43685294791711,3.31702258284605
5,33,0.697531631063636,3.04049137066667
6,14,2.16848681301429,3.14919659494286
7,39,1.53607268791282,2.73653078487436
8,35,1.02344338462857,2.89195731836
9,54,0.929846072842593,3.17898212396667
